ICAO,IATA,AIRPORT,COUNTRY,GEOGRAPHIC REGION,777-200LR,777-300ER,777F,A380
AGGH ,HIR,HONIARA,SOLOMON ISLANDS,OCEANIA,A2,A2,A2,-
AYPY,POM,PORT MORESBY,PAPAUA NEW GUINEA,OCEANIA,A2,A2,A2,-
BGSF,SFJ,KANGERLUSSUAQ / STROMFORD,GREENLAND,EUROPE,EA,EA,EA,EA
BGTL,THU,THULE,GREENLAND,EUROPE,EA,EA,EA,-
BIKF,KEF,KEFLAVIK,ICELAND,EUROPE,A1,A1,A1,A2
CYEG,YEG,EDMONTON,CANADA,NORTH AMERICA,A1,A1,A1,A1
CYFB ,YFB,IQALUIT/FROBISHER BAY,CANADA,NORTH AMERICA,CA,CA,CA,EA
CYHM,YHM,HAMILTON,CANADA,NORTH AMERICA,CA,CA,CA,CA
CYHZ,YHZ,HALIFAX,CANADA,NORTH AMERICA,A1,A1,A1,-
CYMM,YMM,FORT MCMURRAY,CANADA,NORTH AMERICA,CA,CA,CA,-
CYOW,YOW,OTTAWA,CANADA,NORTH AMERICA,A1,A1,A1,A2
CYQB ,YQB,QUEBEC,CANADA,NORTH AMERICA,CA,CA,CA,CA
CYQX ,YQX,GANDER,CANADA,NORTH AMERICA,A2,A2,A2,A2
CYTR,YTR,TRENTON,CANADA,NORTH AMERICA,CA,CA,CA,CA
CYUL ,YUL,MONTREAL,CANADA,NORTH AMERICA,A1,A1,A1,A1
CYVR,YVR,VANCOUVER,CANADA,NORTH AMERICA,A1,A1,A1,A1
CYWG,YWG,WINNIPEG,CANADA,NORTH AMERICA,A1,A1,A1,A2
CYXE,YXE,SASKATOON / JOHN G. DIEFENBACHER,CANADA,NORTH AMERICA,CA,CA,CA,CA
CYXU,YXU,LONDON,CANADA,NORTH AMERICA,CA,CA,CA,-
CYXY ,YXY,WHITEHORSE,CANADA,NORTH AMERICA,CA,CA,A1,-
CYYC,YYC,CALGARY,CANADA,NORTH AMERICA,A1,A1,A1,CA
CYYR,YYR,GOOSEBAY,CANADA,NORTH AMERICA,A2,A2,A2,CA
CYYT,YYT,ST. JOHN'S,CANADA,NORTH AMERICA,A2,A2,A2,CA
CYYZ,YYZ,TORONTO,CANADA,NORTH AMERICA,D,D,D,D
CYZF,YZF,YELLOWKNIFE,CANADA,NORTH AMERICA,CA,CA,CA,CA
DAAG ,ALG,ALGIERS,ALGERIA,AFRICA,D,D,D,-
DAAT,TMR,TAMANRASSET,ALGERIA,AFRICA,A1,A1,A1,-
DAOO,ORN,ORAN,ALGERIA,AFRICA,A1,A1,A1,-
DAUZ,IAM,ZARZAITINE,ALGERIA,AFRICA,CA,CA,CA,-
DBBB,COO,COTONOU,BENIN,AFRICA,A1,A1,A1,-
DFFD,OUA,OUAGADOUGOU,BURKINA,AFRICA,A1,A1,D,-
DGAA,ACC,ACRA,GHANA,AFRICA,D,D,D,A1
DIAP,ABJ,ABIDJAN,IVORY COAST,AFRICA,D,D,D,A1
DNAA,ABV,ABUJA,NIGERIA,AFRICA,D,D,D,-
DNKN,KAN,KANO,NIGERIA,AFRICA,CA,CA,A1,-
DNMM,LOS,LAGOS,NIGERIA,AFRICA,D,D,D,
DNPO,PHC,PORT HARCOURT,NIGERIA,AFRICA,A2,A2,A2,-
DRRN ,NIM,NIAMEY,NIGER ,AFRICA,A1,A1,a1,-
DTKA,TBJ,TABARAKA,TUNISIA,AFRICA,A2,A2,A2,
DTMB,MIR,MONASTIR,TUNISIA,AFRICA,A1,A1,A1,
DTNH,NBE,ENFIDHA,TUNISIA,AFRICA,A2,A2,A2,CA
DTTA,TUN,TUNIS,TUNISIA,AFRICA,D,D,D,CA
DTTJ,DJE,DJERBA,TUNISIA,AFRICA,A1,A1,A1,
DTTX,SFA,SFAX,TUNISIA,AFRICA,A1,A1,A1,
DXXX,LFW,LOME,TOGO,AFRICA,A1,A1,D,
EBBR,BRU,BRUSSLELS,BELGIUM,EUROPE,D,D,D,A2
EBLG,LGG,LIEGE,BELGIUM,EUROPE,A1,A1,D,
EDDC,DRS,DRESDEN,GERMANY,EUROPE,A1,A1,A1,A1
EDDF,FRA,FRANKFURT,GERMANY,EUROPE,D,D,D,D
EDDH,HAM,HAMBURG,GERMANY,EUROPE,D,D,D,D
EDDK,CGN,COLOGNE,GERMANY,EUROPE,A1,A1,A1,A1
EDDL,DUS,DUSSLEDORF,GERMANY,EUROPE,D,D,D,D
EDDM,MUC,MUNICH,GERMANY,EUROPE,D,D,D,D
EDDN,NUE,NURENBERG,GERMANY,EUROPE,A1,A1,A1,
EDDP,LEJ,LEIPZIG-HALLE,GERMANY,EUROPE,A1,A1,A1,
EDDT,TXL,BERLIN TEGEL,GERMANY,EUROPE,A1,A1,A1,
EDDV,HAJ,HANNOVER,GERMANY,EUROPE,A1,A1,A1,
EDFH,HHN,FRANKFURT-HAHN,GERMANY,EUROPE,A2,A2,D,
EDHI,XFW,HAMBURG (FINKENWERDER),GERMANY,EUROPE,,,,A1
EETN,TLL,TALLINN,ESTONIA,EUROPE,A1,A1,A1,
EFHK,HEL,HELSINKI,FINLAND,EUROPE,A1,A1,A1,A1
EFRO,RVN,ROVANIEMI,FINLAND,EUROPE,CA,CA,CA,CA
EGBB,BHX,BIRMINGHAM,UNITED KINGDOM,EUROPE,D,D,D,D
EGCC,MAN,MANCHESTER,UNITED KINGDOM,EUROPE,D,D,D,D
EGCN,DSA,DONCASTER SHEFFIELD,UNITED KINGDOM,EUROPE,A2,A2,A2,CA
EGKK,LGW,LONDON LGW,UNITED KINGDOM,EUROPE,D,D,D,D
EGLL,LHR,LONDON LHR,UNITED KINGDOM,EUROPE,D,D,D,D
EGNT,NCL,NEWCASTLE,UNITED KINGDOM,EUROPE,D,D,D,
EGNX,EMA,EAST MIDLANDS,UNITED KINGDOM,EUROPE,A1,A1,A1,CA
EGPF,GLA,GLASGOW,UNITED KINGDOM,EUROPE,D,D,D,
EGPH,EDI,EDINBURGH,UNITED KINGDOM,EUROPE,D,D,D,
EGPK,PIK,PRESTWICK,UNITED KINGDOM,EUROPE,A1,A1,A1,A1
EGSS,STN,LONDON STN,UNITED KINGDOM,EUROPE,D,D,D,A2
EHAM,AMS,AMSTERDAM,THE NETHERLANDS,EUROPE,D,D,D,D
EHBK,MST,MAASTRICHT,THE NETHERLANDS,EUROPE,A2,A2,D,
EIDW,DUB,DUBLIN,IRELAND,EUROPE,D,D,D,
EINN,SNN,SHANNON,IRELAND,EUROPE,A1,A1,A1,A1
EKBI,BLL,BILLUND,DENMARK,EUROPE,A1,A1,A1,
EKCH,CPH,COPENHAGEN,DENMARK,EUROPE,D,D,D,D
ELLX,LUX,LUXEMBOURG,LUXEMBOURG,EUROPE,A1,A1,D,
ENBO,BOO,BODO,NORWAY,EUROPE,CA,CA,CA,CA
ENBR,BGO,BERGEN,NORWAY,EUROPE,A1,A1,A1,
ENGM,OSL,OSLO,NORWAY,EUROPE,D,D,D,A1
ENSB,LYR,SVALBARAD LONGYEAR,NORWAY,EUROPE,EA,EA,EA,
ENVA,TRD,TRONDHEIM,NORWAY,EUROPE,A1,A1,A1,
ENZV,SVG,STAVANGER,NORWAY,EUROPE,A1,A1,A1,
EPGD,GDN,GDANSK,POLAND,EUROPE,A1,A1,A1,
EPPO,POZ,POZNAN,POLAND,EUROPE,A1,A1,A1,
EPWA,WAW,WARSAW,POLAND,EUROPE,D,D,D,A1
ESGG,GOT,GOTEBORG,SWEDEN,EUROPE,A1,A1,D,
ESMS,MMX,MALMO,SWEDEN,EUROPE,A1,A1,A1,
ESSA,ARN,STOCKHOLM,SWEDEN,EUROPE,D,D,D,A1
EVRA,RIX,RIGA,LATVIA,EUROPE,A1,A1,A1,
EYVI,VNO,VILNIUS,LITHUANIA,EUROPE,A1,A1,A1,
FABL,BFN,BLOEMFONTEIN,SOUTH AFRICA,AFRICA,CA,CA,CA,
FACT,CPT,CAPETOWN,SOUTH AFRICA,AFRICA,D,D,D,CA
FALE,DUR,DURBAN,SOUTH AFRICA,AFRICA,D,D,D,A1
FAOR,JNB,JOHANSEBURG,SOUTH AFRICA,AFRICA,D,D,D,D
FBSK,GBE,GABORONE,BOTSWANA,AFRICA,A1,A1,A1,CA
FCBB,BZV,BRAZZAVILLE,REPUBLIC OF CONGO,AFRICA,A1,A1,A1,
FEFF,BGF,BANGUI,CENTRAL AFRICAN REPUBLIC,AFRICA,A1,A1,A1,
FHAW,ASI,ASCENSION IS,UNITED KINGDOM,AFRICA,CA,CA,CA,CA
FIMP,MRU,MAURITIUS,MAURITIUS,AFRICA,D,D,D,D
FJDG,NKW,DIEGO GARCIA,UNITED KINGDOM,ASIA,EA,EA,EA,EA
FKKD,DLA,DOUALA,CAMEROON,AFRICA,A1,A1,A1,CA
FKYS,NSI,YAOUNDE NSIMALEN,CAMEROON,AFRICA,A1,A1,A1,
FLKK,LUN,LUSAKA,ZAMBIA,AFRICA,D,D,D,A1
FMEE,RUN,ST DENIS REUNION,FRANCE,AFRICA,A1,A1,A1,A1
FMMI,TNR,ANTANANARIVO,MADAGASCAR,AFRICA,A1,A1,A1,CA
FNLU,LAD,LUANDA,ANGOLA,AFRICA,D,D,D,CA
FOOL,LBV,LIBREVILLE,GABON,AFRICA,A1,A1,A1,
FQBR,BEW,BEIRA,MOZAMBIQUE,AFRICA,CA,CA,CA,CA
FQMA,MPM,MAPUTO,MOZAMBIQUE,AFRICA,A2,A2,A2,A2
FSIA,SEZ,SEYCHELLES,SEYCHELLES,AFRICA,D,D,D,EA
FTTJ,NDJ,N'DJAMENA,CHAD,AFRICA,A1,A2,D,EA
FVFA,VFA,VICTORIA FALLS,ZIMBABWE,AFRICA,A1,A1,A1,
FVRG,HRE,HARARE,ZIMBABWE,AFRICA,D,D,D,CA
FWKI,LLW,LILONGWE / KAMUZU INTL,MALAWI,AFRICA,A1,A1,D,CA
FYWH,WDH,WINDHOEK HOSEA KUTAKO,NAMIBIA,AFRICA,A1,A1,A1,
FZIC,FKI,KISANGANI / BANGOKA,DEMOCRATIC REPUBLIC OF CONGO,AFRICA,CA,CA,CA,
GBYD,BJL,BANJUL,GAMBIA,AFRICA,A1,A1,A1,
GCLP,LPA,GRAN CANARIA / LAS PALMAS,GRAN CANARIA,EUROPE,A1,A1,A1,
GLRB,ROB,MONROVIA,LIBERIA,AFRICA,A1,A1,A1,
GMAD,AGA,AGADIR AL MASSIRA,MAROCCO,AFRICA,A1,A1,A1,
GMFF,FEZ,FEZ,MAROCCO,AFRICA,A1,A1,A1,
GMME,RBA,RABAT,MAROCCO,AFRICA,A1,A1,A1,
GMMN,CMN,CASABLANCA,MAROCCO,AFRICA,D,D,D,D
GMMX,RAK,MARRAKECH,MAROCCO,AFRICA,A1,A1,A1,A1
GOBD,DSS,DAKAR,SENEGAL,AFRICA,D,D,D,A1
GQNO,NKC,NOUAKCHOTT,MAURITANIA,AFRICA,A1,A1,A1,
GUCY,CKY,CONAKRY,GUINEA,AFRICA,D,D,D,
GVAC,SID,SAL AMILCAR CABRAL,CABO VERDE,AFRICA,A1,A1,A1,
HAAB,ADD,ADDIS ABABA,ETHIOPIA,AFRICA,D,D,D,A1
HDAM,JIB,DJIBOUTI,DJIBOUTI,AFRICA,A1,A1,D,CA
HEBA,HBE,ALEXANDRIA BORG EL ARAB,EGYPT,AFRICA,A1,A1,A1,
HECA ,CAI,CAIRO,EGYPT,AFRICA,D,D,D,CA
HEGN,HRG,HURGHADA,EGYPT,AFRICA,A1,A1,A1,
HELX,LXR,LUXOR,EGYPT,AFRICA,A1,A1,A1,
HESH,SSH,SHARM EL SHEIKH,EGYPT,AFRICA,A1,A1,A1,
HESN,ASW,ASWAN,EGYPT,AFRICA,A1,A1,A1,
HHAS,ASM,ASMARA,ERITREA,AFRICA,CA,CA,CA,
HKEL,EDL,ELDORET,KENYA,AFRICA,CA,CA,D,CA
HKJK,NBO,NAIROBI,KENYA,AFRICA,D,D,D,A1
HKMO,MBA ,MOMBASA,KENYA,AFRICA,A1,A1,A1,CA
HRYR,KGL,KIGALI,RWANDA,AFRICA,A1,A1,D,CA
HSPN,PZU ,PORT SUDAN,SUDAN,AFRICA,CA,CA,CA,
HSSJ,JUB,JUBA,SOUTH SUDAN,AFRICA,EA,EA,EA,
HSSS,KRT,KHARTOUM,SUDAN,AFRICA,D,D,D,CA
HTDA,DAR,DAR ES SALAM,TANZANIA,AFRICA,D,D,D,A1
HTKJ,JRO,KILAMANJARO,TANZANIA,AFRICA,A1,A1,A1,CA
HTZA,ZNZ,ZANIZBAR,TANZANIA,AFRICA,A2,A2,A2,
HUEN,EBB,ENTEBBE,UGANDA,AFRICA,D,D,D,A1
KABQ,ABQ,ALUQUERQUE,UNITED STATES,NORTH AMERICA,A1,A1,A1,CA
KATL,ATL,ATLANTA HARTSFIELD,UNITED STATES,NORTH AMERICA,A2,A2,D,CA
KAUS,AUS,AUSTIN BERGSTROM,UNITED STATES,NORTH AMERICA,A2,A2,A2,A2
KBDL,BDL,WINDSOR LOCK,UNITED STATES,NORTH AMERICA,A2,A2,A2,A2
KBGR,BGR,BANGOR,UNITED STATES,NORTH AMERICA,A1,A1,A1,A1
KBIL,BIL,BILLINGS,UNITED STATES,NORTH AMERICA,A1,A1,A1,CA
KBNA,BNA,NASHVILLE INT,UNITED STATES,NORTH AMERICA,A1,A1,A1,
KBOI,BOI,BOISE,UNITED STATES,NORTH AMERICA,CA,CA,CA,CA
KBOS,BOS,BOSTON,UNITED STATES,NORTH AMERICA,D,D,D,D
KBUF,BUF,BUFFALO NIAGARA ,UNITED STATES,NORTH AMERICA,A1,A1,A1,
KBWI,BWI ,BALTIMORE,UNITED STATES,NORTH AMERICA,A1,A1,A1,
KCLE,CLE,CLEVELAND,UNITED STATES,NORTH AMERICA,A1,A1,A1,
KCLT,CLT,CHARLOTTE DOUGLAS,UNITED STATES,NORTH AMERICA,A2,A2,A2,A2
KCPR,CPR,CASPER,UNITED STATES,NORTH AMERICA,EA,EA,EA,
KCVG,CVG,CONVINGTON CINCINNATI,UNITED STATES,NORTH AMERICA,A2,A2,A2,A2
KDAL,DAL,KALLAS LOVE,UNITED STATES,NORTH AMERICA,CA,CA,CA,
KDEN,DEN,DENVER,UNITED STATES,NORTH AMERICA,A1,A1,A1,A1
KDFW,DFW,DALLAS FORTWORTH,UNITED STATES,NORTH AMERICA,D,D,D,A1
KDTW,DTW,DETROIT,UNITED STATES,NORTH AMERICA,A1,A1,A1,
KEWR ,EWR,NEWARK,UNITED STATES,NORTH AMERICA,D,D,D,
KFLL,FLL,FORT LAUDERDALE,UNITED STATES,NORTH AMERICA,D,D,D,
KGCN,GCN,KRAND CANYON,UNITED STATES,NORTH AMERICA,CA,CA,CA,
KGEG,GEG,SPOKANE,UNITED STATES,NORTH AMERICA,CA,CA,CA,CA
KIAD,IAD,WASHINGTON,UNITED STATES,NORTH AMERICA,D,D,D,D
KIAG,IAG,NIAGARA FALLS,UNITED STATES,NORTH AMERICA,CA,CA,CA,
KIAH,IAH,HOUSTON,UNITED STATES,NORTH AMERICA,D,D,D,D
KJFK,JFK,NEW YORK,UNITED STATES,NORTH AMERICA,D,D,D,D
KLAS,LAS,LAS VEGAS,UNITED STATES,NORTH AMERICA,A1,A1,A1,CA
KLAX,LAX,LOS ANGELES,UNITED STATES,NORTH AMERICA,D,D,D,D
KLCK,LCK,COLUMBUS RICKENBACKER,UNITED STATES,NORTH AMERICA,CA,CA,D,
KLGB,LGB,LONG BEACH,UNITED STATES,NORTH AMERICA,CA,CA,CA,CA
KMCI,MCI,KANSAS CITY,UNITED STATES,NORTH AMERICA,A1,A1,A1,A2
KMCO,MCO,ORLANDO,UNITED STATES,NORTH AMERICA,D,D,D,A1
KMEM,MEM,MEMPHIS INTL,UNITED STATES,NORTH AMERICA,A2,A2,A2,A2
KMFR,MFR,MEDFORD,UNITED STATES,NORTH AMERICA,CA,CA,CA,CA
KMIA,MIA,MIAMI,UNITED STATES,NORTH AMERICA,A1,A1,A1,A1
KMKE,MKE,MILWAUKEE,UNITED STATES,NORTH AMERICA,A1,A1,A1,
KMSP,MSP,MINNEAPOLIS ST PAUL,UNITED STATES,NORTH AMERICA,A2,A2,A2,A2
KMSY,MSY,NEW ORLEANS,UNITED STATES,NORTH AMERICA,A1,A1,A1,CA
KMWH,MWH,MOSES LAKE ,UNITED STATES,NORTH AMERICA,CA,CA,CA,EA
KOAK,OAK,OAKLAND,UNITED STATES,NORTH AMERICA,A1,A1,A1,A1
KOKC,OKC,OKLAHOMA CITY,UNITED STATES,NORTH AMERICA,A1,A1,A1,
KONT,ONT,ONTARIO,UNITED STATES,NORTH AMERICA,A2,A2,A2,A2
KORD,ORD,CHICAGO,UNITED STATES,NORTH AMERICA,D,D,D,A1
KORF,ORF,NORFOLK,UNITED STATES,NORTH AMERICA,A2,A2,A2,
KPAE,PAE,EVERETT,UNITED STATES,NORTH AMERICA,CA,CA,CA,
KPBI,PBI,WEST PALM BEACH,UNITED STATES,NORTH AMERICA,A1,A1,A1,A1
KPDX,PDX,PORTLAND,UNITED STATES,NORTH AMERICA,A1,A1,A1,A1
KPHL,PHL,PHILADELPHIA,UNITED STATES,NORTH AMERICA,A1,A1,A1,A1
KPHX,PHX,PHOENIX,UNITED STATES,NORTH AMERICA,A1,A1,A1,A1
KPIH,PIH,POCATELLO,UNITED STATES,NORTH AMERICA,CA,CA,CA,
KPIT,PIT,PITTSBURGH,UNITED STATES,NORTH AMERICA,A1,A1,A1,A1
KRDU,RDU,RALEIGH / DURHAM ,UNITED STATES,NORTH AMERICA,A1,A1,A1,
KRIC,RIC,RICHMOND,UNITED STATES,NORTH AMERICA,CA,CA,CA,
KRNO,RNO,RENO,UNITED STATES,NORTH AMERICA,CA,CA,CA,CA
KRSW,RSW,FORT MAYERS ,UNITED STATES,NORTH AMERICA,A1,A1,A1,
RCTP,TPE,TAIPEI,TAIWAN,AS,D,D,D,D
KSAN ,SAN,SAN DIEGO,UNITED STATES,NORTH AMERICA,A1,A1,A1,CA
KSAT ,SAT,SAN ANTONIO,UNITED STATES,NORTH AMERICA,CA,CA,CA,
KSDF,SDF,LOUISVILLE,UNITED STATES,NORTH AMERICA,CA,CA,A1,
KSEA,SEA,SEATTLE,UNITED STATES,NORTH AMERICA,D,D,D,A1
KSFO,SFO,SAN FRANCISCO,UNITED STATES,NORTH AMERICA,D,D,D,D
KSJC,SJC,SAN JOSE,UNITED STATES,NORTH AMERICA,A1,A1,A1,CA
KSLC,SLC,SALT LAKE CITY,UNITED STATES,NORTH AMERICA,A1,A1,A1,A1
KSMF,SMF,SACRAMENTO,UNITED STATES,NORTH AMERICA,A1,A1,A1,
KSTL,STL,ST. LOUIS,UNITED STATES,NORTH AMERICA,A1,A1,A1,A1
KSWF,SWF,NEWBURGH,UNITED STATES,NORTH AMERICA,A2,A2,A2,
KTPA,TPA,TAMPA,UNITED STATES,NORTH AMERICA,A1,A1,A1,
KTUL,TUL,TULSA,UNITED STATES,NORTH AMERICA,A1,A1,A1,
LBBG,BOJ,BURGAS,BULGARIA,EUROPE,A1,A1,A1,
LBSF,SOF,SOFIA,BULGARIA,EUROPE,A1,A1,A1,A1
LBWN,VAR,VARNA,BULGARIA,EUROPE,A1,A1,A1,
LCLK,LCA,LARNACA,CYPRUS,EUROPE,D,D,D,A1
LCPH,PFO,PAFOS,CYPRUS,EUROPE,A1,A1,A1,
LDZA,ZAG,ZAGREB,CROATIA,EUROPE,D,D,D,
LEAL,ALC,ALICANTE,SPAIN,EUROPE,A1,A1,A1,
LEBL,BCN,BARCELONA,SPAIN,EUROPE,D,D,D,D
LEGE,GRO,GIRONA,SPAIN,EUROPE,A1,A1,A1,
LEIB,IBZ,IBIZA,SPAIN,EUROPE,A1,A1,A1,
LEMD,MAD,MADRID,SPAIN,EUROPE,D,D,D,D
LEMG,AGP,MALAGA,SPAIN,EUROPE,A1,A1,A1,
LEPA,PMI,PALMA DE MALLORCA,SPAIN,EUROPE,A1,A1,A1,A1
LEST,SCQ,SANTIAGO DE COMPOSTE,SPAIN,EUROPE,A1,A1,D,
LEVC,VLC,VALENCIA,SPAIN,EUROPE,A1,A1,A1,CA
LEZG,ZAZ,ZARAGOZA,SPAIN,EUROPE,A1,A1,D,CA
LFBD,BOD,BORDEAUZ,FRANCE,EUROPE,A1,A1,A1,A1
LFBO,TLS,TOULOUSE,FRANCE,EUROPE,A1,A1,A1,A1
LFLL,LYS,LYON,FRANCE,EUROPE,D,D,D,A1
LFMN,NCE,NICE,FRANCE,EUROPE,D,D,D,D
LFPG,CDG,PARIS CDG,FRANCE,EUROPE,D,D,D,D
LFPO,ORY,PARIS ORLY,FRANCE,EUROPE,A1,A1,A1,A2
LFQQ,LIL,LILLE,FRANCE,EUROPE,A2,A2,A2,
LFRB,BES,BREST,FRANCE,EUROPE,CA,CA,CA,
LFSB,BSL,BASLE,FRANCE,EUROPE,A1,A1,D,CA
LGAV,ATH,ATHENS,GREECE,EUROPE,D,D,D,D
LGIR,HER,IRAKLION,GREECE,EUROPE,A2,A2,A2,
LGRP,RHO,RODOS,GREECE,EUROPE,A1,A1,A1,
LGTS,SKG,THESSALONIKI,GREECE,EUROPE,A1,A1,A1,CA
LHBP,BUD,BUDAPEST,HUNGARY,EUROPE,D,D,D,
LIBR,BDS,BRINDISI,ITALY,EUROPE,A1,A1,A1,
LIEO,OLB,OLBIA,ITALY,EUROPE,A1,A1,A1,
LIMC,MXP,MILAN MALPENSA,ITALY,EUROPE,D,D,D,D
LIME,BGY,BERGAMO,ITALY,EUROPE,A1,A1,A1,CA
LIMF,TRN,TORINO,ITALY,EUROPE,A1,A1,A1,CA
LIPE,BLQ,BOLOGNA,ITALY,EUROPE,D,D,D,
LIPQ,TRS,TRIESTE,ITALY,EUROPE,A1,A1,A1,
LIPZ,VCE,VENICE,ITALY,EUROPE,D,D,D,CA
LIRA,CIA,ROME CIA,ITALY,EUROPE,A1,A1,A1,
LIRF,FCO,ROME FCO,ITALY,EUROPE,D,D,D,D
LIRN,NAP,NAPLES,ITALY,EUROPE,A1,A1,A1,CA
LIRP,PSA,PISA,ITALY,EUROPE,A1,A1,A1,CA
LJLJ,LJU,LJUBLJANA ,SLOVENIA,EUROPE,CA,CA,CA,
LKMT,OSR,OSTRAVA,SLOVAKIA,EUROPE,A2,A2,A2,
LKPR,PRG,PRAGUE,SLOVAKIA,EUROPE,D,D,D,D
LKTB,BRQ,BRNO,SLOVAKIA,EUROPE,A2,A2,A2,
LMML,MLA,MALTA,MALTA,EUROPE,D,D,D,CA
LOWG,GRZ,GRAZ,AUSTRIA,EUROPE,A1,A1,A1,CA
LOWL ,LNZ,LINZ,AUSTRIA,EUROPE,A1,A1,A1,
LOWW,VIE,VIENNA,AUSTRIA,EUROPE,D,D,D,D
LPAZ,SMA,SANTA MARIA,PORTUGAL,EUROPE,CA,CA,CA,
LPBJ,BYJ,BEJA,PORTUGAL,EUROPE,CA,CA,CA,
LPFR,FAO,FARO,PORTUGAL,EUROPE,A1,A1,A1,CA
LPLA,TER,LAJES,PORTUGAL,EUROPE,CA,CA,CA,CA
LPPD,PDL,PONTO DELGADA,PORTUGAL,EUROPE,CA,CA,CA,
LPPR,OPO,PORTO,PORTUGAL,EUROPE,D,D,A1,CA
LPPS,PXO,PORTO SANTO,PORTUGAL,EUROPE,A1,A1,A1,
LPPT,LIS,LISBON,PORTUGAL,EUROPE,D,D,D,CA
LROP,OTP,BUCHAREST,ROMANIA,EUROPE,CA,CA,CA,
LSGG,GVA,GENEVA,SWITZERLAND,EUROPE,D,D,D,CA
LSZH,ZRH,ZURICH,SWITZERLAND,EUROPE,D,D,D,D
LTAC,ESB,ANKARA,TURKEY,EUROPE,A1,A1,A1,EA
LTAF,ADA,ADANA,TURKEY,EUROPE,CA,CA,CA,CA
LTAI,AYT,ANTALYA,TURKEY,EUROPE,A1,A1,A1,CA
LTAN,KYA,KONYA,TURKEY,EUROPE,A1,A1,A1,
LTBJ,ADB,IZMIR,TURKEY,EUROPE,A1,A1,A1,
LTCA,IZD,ELAZIG,TURKEY,EUROPE,A1,A1,A1,EA
LTCE,ERZ,ERZURUM,TURKEY,EUROPE,A1,A1,A1,CA
LTCG,TZX,TRABZON,TURKEY,EUROPE,A1,A1,A1,CA
LTFH,SZF,SAMSUN,TURKEY,EUROPE,A1,A1,A1,CA
LTFJ,SAW,ISTANBUL SAW,TURKEY,EUROPE,D,D,D,
LTFM,IST,ISTANBUL IST,TURKEY,EUROPE,D,D,D,
LUKK,KIV,CHISINAU,MOLDOVA,EUROPE,CA,CA,CA,
LYBE,BEG,BELGRADE,SERBIA,EUROPE,A1,A1,A1,
MBPV,PLS,PROVIDENCIALES,UNITED KINGDOM,SOUTH AMERICA,CA,CA,CA,
MDPC,PUJ,HIGUEY,DOMINICAN REPUBLIC,SOUTH AMERICA,CA,CA,A1,
MDSD,SDQ,SANTO DOMINGO,DOMINICAN REPUBLIC,SOUTH AMERICA,CA,CA,A1,
MKJP,KIN,KINGSTON,MEXICO,SOUTH AMERICA,A1,A1,A1,
MMAA,ACA,ACAPULCO,MEXICO,SOUTH AMERICA,A1,A1,A1,
MMCU,CUU,CHIHUAHUA,MEXICO,SOUTH AMERICA,CA,CA,CA,
MMGL,GDL,GUADALAJARA,MEXICO,SOUTH AMERICA,A1,A1,A1,
MMMX,MEX,MEXICO CITY,MEXICO,SOUTH AMERICA,A1,A1,D,
MMMY,MTY,MONTERREY,MEXICO,SOUTH AMERICA,A1,A1,A1,
MMPB,PBC,PUEBLA,MEXICO,SOUTH AMERICA,CA,CA,CA,
MMQT,QRO,RUERETARO,MEXICO,SOUTH AMERICA,A1,CA,A1,
MMUN,CUN,CANCUN,MEXICO,SOUTH AMERICA,A1,A1,A1,
MPPA,BLB,BALBOA,PANAMA,SOUTH AMERICA,CA,CA,CA,
MPSM,RIH,RIO HATO,PANAMA,SOUTH AMERICA,CA,EA,EA,
MPTO,PTY,PANAMA CITY,PANAMA,SOUTH AMERICA,A1,A1,A1,
MROC,SJO,SAN JOSE,COSTA RICA,SOUTH AMERICA,A2,A2,A2,
MSLP,SAL,SAN SALVADOR,EL SALVADOR,SOUTH AMERICA,A1,A1,A1,
MYGF,FPO,FREEPORT,THE BAHAMAS,SOUTH AMERICA,CA,CA,CA,
MYNN,NAS,NASSAU,THE BAHAMAS,SOUTH AMERICA,CA,CA,CA,
NCRG,RAR,RAROTONGA INTL,COOK ISLANDS,SOUTH AMERICA,CA,CA,CA,
NFFN,NAN,NADI INTL,FIJI,OCEANIA,A1,A1,A1,
NFTF,TBU,NUKU ALOFA,FIJI,OCEANIA,CA,CA,CA,
NGTA,TRW,TARAWA,REPUBLIC OF KIRIBATI,OCEANIA,EA,EA,EA,
NIUE,IUE,NIUE ISLAND,NIUE,OCEANIA,CA,CA,CA,
NSFA,APW,APIA,SAMOA,OCEANIA,CA,CA,CA,
NSTU,PPG,PAGO PAGO,SAMOA,OCEANIA,A1,A1,A1,
NTAA,PPT,TAHITI,TAHITI,OCEANIA,A1,A1,A1,
NVVV,VLI,PORT VILA,VANUATU,OCEANIA,CA,CA,CA,
NWWW,NOU,NOUMEA TONTOUTA,FRANCE,OCEANIA,A2,A2,A2,
NZAA,AKL,AUCKLAND,NEW ZEALAND,OCEANIA,D,D,D,D
NZCH,CHC,CHRISTCHURCH,NEW ZEALAND,OCEANIA,D,D,D,D
NZOH,OHA,OHAKEA,NEW ZEALAND,OCEANIA,A2,A2,A2,A2
NZWN,WLG,WELLINGTON,NEW ZEALAND,OCEANIA,CA,CA,CA,
OAKB,KBL,KABUL,AFGHANISATAN,ASIA,D,D,D,
OBBI,BAH,BAHRAIN,BAHRAIN,MIDDLE EAST,D,D,D,A1
OEDF,DMM,DAMMAM,SAUDI ARABIA,MIDDLE EAST,D,D,D,A1
OEGS,ELQ,GASSIM,SAUDI ARABIA,MIDDLE EAST,A1,A1,A1,
OEJN,JED,JEDDAH,SAUDI ARABIA,MIDDLE EAST,D,D,D,D
OEMA,MED,MADINAH,SAUDI ARABIA,MIDDLE EAST,D,D,D,D
OERK,RUH,RIYADH,SAUDI ARABIA,MIDDLE EAST,D,D,D,D
OETF,TIF,TAIF,SAUDI ARABIA,MIDDLE EAST,EA,EA,EA,
OETR,TUI,TURAIF,SAUDI ARABIA,MIDDLE EAST,EA,EA,EA,
OIBB,BUZ,BUSHEHR,IRAN,MIDDLE EAST,CA,CA,CA,
OICC,KSH,KERMANSHAH,IRAN,MIDDLE EAST,CA,CA,CA,CA
OIFM,IFN,ESFAHAN,IRAN,MIDDLE EAST,CA,CA,CA,CA
OIIE,IKA,TEHERAN IKA,IRAN,MIDDLE EAST,D,D,D,CA
OIII,THR,TEHERAN THR,IRAN,MIDDLE EAST,CA,CA,CA,CA
OIKK ,KER,KERMAN ,IRAN,MIDDLE EAST,CA,CA,CA,CA
OIMM,MHD,MASHAD,IRAN,MIDDLE EAST,CA,CA,CA,CA
OISS,SYZ,SHIRAZ,IRAN,MIDDLE EAST,CA,CA,CA,CA
OITR,OMH,UROMIYEH,IRAN,MIDDLE EAST,CA,CA,CA,
OITT,TBZ,TABRIZ,IRAN,MIDDLE EAST,CA,CA,CA,CA
OIYY,AZD,YAZD,IRAN,MIDDLE EAST,CA,CA,CA,CA
OJAI,AMM,AMMAN Q'ALIA,JORDAN,MIDDLE EAST,D,D,D,D
OJAM,ADJ,AMMAN MARKA ,JORDAN,MIDDLE EAST,EA,EA,EA,
OJAQ,AQJ,AQABA,JORDAN,MIDDLE EAST,A2,A2,A2,A2
OKBK,KWI,KUWAIT,KUWAIT,MIDDLE EAST,D,D,D,EA
OLBA,BEY,BEIRUT,LEBANON,MIDDLE EAST,D,D,D,CA
OMAA,AUH,ABU DHABI,UNITED ARAB EMIRATES,MIDDLE EAST,D,D,D,A1
OMAL,AAN,AL AIN,UNITED ARAB EMIRATES,MIDDLE EAST,A1,A1,A1,A1
OMDB,DXB,DUBAI,UNITED ARAB EMIRATES,MIDDLE EAST,D,D,D,D
OMDM,NHD,MINHAD,UNITED ARAB EMIRATES,MIDDLE EAST,EA,EA,EA,
OMDW,DWC,DUBAI WORLD,UNITED ARAB EMIRATES,MIDDLE EAST,D,D,D,A1
OMFJ,FJR,FUJAIRAH,UNITED ARAB EMIRATES,MIDDLE EAST,A1,A1,A1,
OMRK,RKT,RAS AL KHAIMAH,UNITED ARAB EMIRATES,MIDDLE EAST,A1,A1,A1,CA
OMSJ,SHJ,SHARJAH,UNITED ARAB EMIRATES,MIDDLE EAST,A1,A1,A1,A1
OOMS,MCT,MUSCAT,OMAN,MIDDLE EAST,D,D,D,D
OOSA,SLL,SALALAH,OMAN,MIDDLE EAST,A1,A1,A1,A1
OOSH,OHS,SUHAR,OMAN,MIDDLE EAST,EA,EA,EA,EA
OPIS,ISB,ISLAMABAD,PAKISTAN,MIDDLE EAST,D,D,D,D
OPKC,KHI,KARACHI,PAKISTAN,MIDDLE EAST,D,D,D,A1
OPLA,LHE,LAHORE,PAKISTAN,MIDDLE EAST,D,D,D,CA
OPMT,MUX,MULTAN,PAKISTAN,MIDDLE EAST,D,D,D,
OPNH,WNS,NAWABSHAH,PAKISTAN,MIDDLE EAST,A2,A2,A2,CA
OPPS ,PEW,PESHAWAR,PAKISTAN,MIDDLE EAST,D,D,D,CA
OPST,SKT,SIALKOT,PAKISTAN,MIDDLE EAST,D,D,D,
ORBI,BGW,BAGHDAD,IRAQ,MIDDLE EAST,D,D,D,CA
ORER,EBL,ERBIL,IRAQ,MIDDLE EAST,EA,EA,D,EA
ORMM,BSR,BASRAH,IRAQ,MIDDLE EAST,D,D,D,
ORSU,ISU,SULAYMANIYAH,IRAQ,MIDDLE EAST,,,D,
OTBD,XXD,DOHA INTL,QATAR,MIDDLE EAST,EA,EA,EA,
OTHH,DOH,DOHA HAMAD INTL,QATAR,MIDDLE EAST,EA,EA,EA,EA
PACD,CDB,COLD BAY,UNITED STATES,NORTH AMERICA,EA,EA,EA,
PAED,EDF,ANCHORAGE ELMENDORF AFB,UNITED STATES,NORTH AMERICA,A1,A1,A1,
PAFA,FAI,FAIRBANKS,UNITED STATES,NORTH AMERICA,A1,A1,A1,
PAKN,AKN,KING SALMON,UNITED STATES,NORTH AMERICA,CA,CA,CA,
PANC,ANC,ANCHORAGE TED STEVENS,UNITED STATES,NORTH AMERICA,A1,A1,D,A1
PASY,SYA,SHEMYA /EARECKSON,UNITED STATES,NORTH AMERICA,EA,EA,EA,
PGSN,SPN,SAIPAN ISLAND,MARIANA ISLANDS,OCEANIA,A1,A1,A1,
PGUM,GUM,AGANA GUAM,GUAM,OCEANIA,A1,A1,A1,
PHKO,KOA,KAILUA / KONA INTL,UNITED STATES,NORTH AMERICA,A1,A1,A1,
PHNL,HNL,HONOLULU INTL,UNITED STATES,NORTH AMERICA,A1,A1,D,
PHOG,OGG,KAHULUI,UNITED STATES,NORTH AMERICA,,,CA,
PHTO,ITO,HILO,UNITED STATES,NORTH AMERICA,A1,A1,A1,
PKMJ,MAJ,MAJURO ATOL,MARSHAL ISLANDS,OCEANIA,EA,EA,EA,
PLCH,CXI,CHRISTMAS ISLAND,KIRIBATI,OCEANIA,EA,EA,EA,
PMDY,MDY,SAND ISLAND,UNITED STATES,OCEANIA,CA,CA,CA,
PWAK,AWK,WAKE ISLAND AIRFIELD,UNITED STATES,OCEANIA,CA,CA,CA,
RJAA,NRT,TOKYO,JAPAN,ASIA,D,D,D,D
RJBB,KIX,OSAKA,JAPAN,ASIA,D,D,D,D
RJCC,CTS,SAPPORO,JAPAN,ASIA,A1,A1,A1,
RJFU,NGS,NAGASAKI,JAPAN,ASIA,A1,A1,A1,
RJGG,NGO,NAGOYA CHUBU,JAPAN,ASIA,A1,A1,A1,A1
RJOA ,HIJ,HIROSHIMA,JAPAN,ASIA,A2,A2,A2,
RJSS,SDJ,SENDAI,JAPAN,ASIA,A1,A1,A1,
RJTT,HND,TOKYO,JAPAN,ASIA,D,D,D,
RKCH,KHH,KAOHSIUNG,KOREA,ASIA,A1,A1,A1,
RKPC,CJU,JEJU,KOREA,ASIA,A1,A1,A1,
RKPK,PUS,BUSAN GIMHAE,KOREA,ASIA,A1,A1,A1,
RKSI,ICN,SEOUL INCHEON,KOREA,ASIA,D,D,D,D
RKSS,GMP,SEOUL GIMPO,KOREA,ASIA,A1,A1,A1,A1
ROAH,OKA,NAHA,JAPAN,ASIA,A1,A1,A1,
RPLC,CRK,ANGELS CITY,PHILIPINES,ASIA,D,D,D,A1
RPLI,LAO,LAOAG,PHILIPINES,ASIA,A1,A1,A1,
RPLL,MNL,MANILA,PHILIPINES,ASIA,D,D,D,
RPMD,DVO,DAVAO,PHILIPINES,ASIA,A1,A1,A1,
RPVM,CEB,LAPU LAPU,PHILIPINES,ASIA,D,D,D,
SAAR,ROS,ROSARIO,ARGENTIA,SOUTH AMERICA,A2,A2,A1,
SACO,COR,CORDOBA,ARGENTIA,SOUTH AMERICA,A1,A1,A1,
SAEZ,EZE,BUENOS AIRES,ARGENTIA,SOUTH AMERICA,D,D,D,A1
SAME,MDZ,MENDOZA,ARGENTIA,SOUTH AMERICA,A1,A1,A1,
SAZM,MDQ,MAR DEL PLATA ,ARGENTIA,SOUTH AMERICA,A1,A1,A1,
SBBE,BEL,BELEM VAL DE CANS,BRAZIL,SOUTH AMERICA,A1,A1,A1,
SBBR,BSB,BRASILIA,BRAZIL,SOUTH AMERICA,A1,A1,A1,CA
SBCF,CNF,BELO HORIZONTE,BRAZIL,SOUTH AMERICA,A1,A1,A1,
SBCT,CWB,CURITIBA,BRAZIL,SOUTH AMERICA,A1,A1,A1,
SBEG,MAO,MANAUS,BRAZIL,SOUTH AMERICA,CA,CA,CA,
SBFI,IGU,FOZ DE IGACU,BRAZIL,SOUTH AMERICA,A1,A1,A1,
SBFL,FLN,FLORIANOPOLIS,BRAZIL,SOUTH AMERICA,CA,CA,CA,
SBFZ,FOR,FORTALEZA,BRAZIL,SOUTH AMERICA,A1,A1,A1,
SBGL,GIG,RIO DE JANEIRO,BRAZIL,SOUTH AMERICA,D,D,D,A1
SBGR,GRU,SAO PAULO,BRAZIL,SOUTH AMERICA,D,D,D,D
SBKP,VCP,CAMPINAS VIRACOPOS,BRAZIL,SOUTH AMERICA,A1,A1,D,CA
SBPA,POA,PORTO ALEGRE,BRAZIL,SOUTH AMERICA,A1,A1,A1,
SBRF,REC,RECIFE,BRAZIL,SOUTH AMERICA,A1,A1,A1,CA
SBSV,SSA,SALVADOR,BRAZIL,SOUTH AMERICA,A1,A1,D,CA
SCDA,IQQ ,IQUIQUE DIEGO ARACENA,CHILE,SOUTH AMERICA,CA,CA,A1,
SCEL,SCL,SANTIAGO  ,CHILE,SOUTH AMERICA,D,D,D,
SCIE,CCP,CONCEPCION,CHILE,SOUTH AMERICA,A2,A2,A1,
SCIP,IPC,ISLA DE PASCUA,CHILE,SOUTH AMERICA,CA,CA,CA,
SCTE,PMC,PUERTO MONTT,CHILE,SOUTH AMERICA,CA,CA,A1,
SEGS,GPS,SEYMOUR AIRPORT,ECUADOR,SOUTH AMERICA,A1,A1,A1,
SEGU,GYE,GUAYAQUIL,ECUADOR,SOUTH AMERICA,CA,CA,A1,
SEMT,MEC,MANTA,ECUADOR,SOUTH AMERICA,CA,CA,A1,
SEQM,UIO,QUITO,ECUADOR,SOUTH AMERICA,A1,A1,D,
SGAS,ASU,LUGUE,PARAGUAY,SOUTH AMERICA,A1,A1,A1,A1
SGES,AGT,GUARANI,PARAGUAY,SOUTH AMERICA,A1,A1,D,
SIDD,BTH,BATAM ISL,CABO VERDE,AFRICA,A1,A1,A1,
SKBO,BOG,BOGOTA,COLUMBIA,SOUTH AMERICA,A1,A1,D,
SKBQ,BAQ,BARRANQUILLA,COLUMBIA,SOUTH AMERICA,A2,A2,A2,
SKCG,CTG,CARTAGENA,COLUMBIA,SOUTH AMERICA,A2,A2,A2,
SKCL,CLO,CALI,COLUMBIA,SOUTH AMERICA,A2,A2,A1,
SKRG,MDE,MEDELLIN,COLUMBIA,SOUTH AMERICA,A1,A1,A1,
SKSP,ADZ,SAN ANDREAS,COLUMBIA,SOUTH AMERICA,CA,CA,CA,
SPCL,PCL,PUCALLPA INTL,PERU,SOUTH AMERICA,CA,CA,CA,
SPJC,LIM,LIMA CALLAO,PERU,SOUTH AMERICA,A1,A1,A1,
SPQT,IQT,IQUITOS,PERU,SOUTH AMERICA,CA,CA,CA,
SUMU,MVD,MONTEVIDEO,URUGUAY,SOUTH AMERICA,A1,A1,A1,
SVMC,MAR,MARACAIBO,URUGUAY,SOUTH AMERICA,CA,CA,CA,
SVMI,CCS,MAIQUETIA,VENEZUELA,SOUTH AMERICA,CA,CA,A1,
TBPB,BGI,BARBADOS,BARBADOS,SOUTH AMERICA,A1,A1,A1,
TFFF,FDF,MARTINIQUE,FRANCE,SOUTH AMERICA,A1,A1,A1,
TFFR,PTP,POINT-A-PITRE,FRANCE,SOUTH AMERICA,A2,A2,A2,
TJBQ,BQN,AGUADILLA,PUERTO RICO,SOUTH AMERICA,A1,A1,D,
TJSJ,SJU,SAN JUAN,PUERTO RICO,SOUTH AMERICA,A1,A1,A1,
TNCA,AUA,ARUBA,ARUBA,SOUTH AMERICA,CA,CA,A2,
TNCB,BON,BONAIRE,THE NETHERLANDS,SOUTH AMERICA,CA,CA,A2,
TNCC,CUR,CURACAO,THE NETHERLANDS,SOUTH AMERICA,A1,A1,D,
TXKF,BDA,BERMUDA,UNITED KINGDOM,SOUTH AMERICA,A1,A1,A1,
UAAA,ALA,ALMATY,KAZAKHSTAN,ASIA,A1,A1,D,CA
UACC,TSE,ASTANA,KAZAKHSTAN,ASIA,A1,A1,A1,CA
UATG,GUW,ATYRAU,KAZAKHSTAN,ASIA,A2,A2,A2,
UATT,AKX,AKTOBE,KAZAKHSTAN,ASIA,A2,A2,A2,
UBBB,GYD,BAKU,AZERBAIJAN,ASIA,A1,A1,A1,CA
UBBG,KVD,GANJA,AZERBAIJAN,ASIA,A1,A1,A1,
UCFM,FRU,BISHKEK,KYRGYZSTAN,ASIA,A1,A1,A1,CA
UDYZ,EVN,YEREVAN,ARMENIA,ASIA,A1,A1,A1,CA
UGTB,TBS,TIBLISI,GEORGIA,ASIA,A2,A2,A2,CA
UHHH,KHV,KHABAROVSK,RUSSIA,ASIA,A1,A1,A1,
UHMA,DYR,ANADYR,RUSSIA,ASIA,A1,A1,A1,
UHMM,GDX,MAGDAN SOKOL,RUSSIA,ASIA,A1,A1,A1,
UHPP,PKC,PETROPAVLOVKS KAMCHIATSKY,RUSSIA,ASIA,A1,A1,A1,
UHSS,UUS,YUZHNO-SAKHALINSK,RUSSIA,ASIA,A1,A1,A1,
UHWW,VVO,VLADIVOSTOK,RUSSIA,ASIA,A1,A1,A1,
ULLI,LED,ST. PETERSBURG,RUSSIA,ASIA,D,D,D,A1
ULMM,MMK,MURMANSK,RUSSIA,ASIA,A2,A2,A2,
UMMS,MSQ,MINSK 2,RUSSIA,ASIA,A1,A1,A1,CA
UNKL,KJA,KRASNOYARSK,RUSSIA,ASIA,CA,CA,CA,
UNNT,OVB,NOVOSIBIRSK,RUSSIA,ASIA,A1,A1,A1,A1
UOOO,NSK,NORILSK,RUSSIA,ASIA,EA,EA,EA,
URKK,KRR,KRASNODAR,RUSSIA,ASIA,CA,CA,CA,
URMM,MRV,MINERALNYVE VODY,RUSSIA,ASIA,CA,CA,CA,
URRP,ROV,ROSTOV NA DONU - PLATOV,RUSSIA,ASIA,A1,A1,A1,CA
URSS,AER,SOCHI,RUSSIA,ASIA,CA,CA,CA,
USCC,CEK,CHELYABINSK BALANDINO,RUSSIA,ASIA,A1,A1,A1,
USNN,NJC,NIZHNEVARTOVSK,RUSSIA,ASIA,,,,CA
USRR,SGC,SURGUT,RUSSIA,ASIA,,,,CA
USSS,SVX,YEKATERINBURG,RUSSIA,ASIA,A1,A1,A1,A2
UTAA,ASB,ASHGABAT,TURKMENISTAN,ASIA,A1,A1,A1,CA
UTDD,DYU,DUSHANBE,TAJIKISTAN,ASIA,CA,CA,CA,
UTDL,LBD,KHUDZHAND,TAJIKISTAN,ASIA,CA,CA,CA,CA
UTSB,BHK,BUKHARA,UZBEKISTAN,ASIA,A1,A1,A1,
UTTT,TAS,TASHKENT,UZBEKISTAN,ASIA,A1,A1,A1,CA
UUDD,DME,MOSCOW,RUSSIA,ASIA,D,D,D,D
UUEE,SVO,MOSCOW,RUSSIA,ASIA,A1,A1,A1,A1
UUWW,VKO,MOSCOW,RUSSIA,ASIA,A1,A1,A1,A1
UWGG,GOJ,NIZHNY NOVOGRAD,RUSSIA,ASIA,CA,CA,CA,
UWKD,KZN,KAZAN,RUSSIA,ASIA,CA,CA,CA,CA
VAAH,AMD,AHMEDABAD,INDIA,ASIA,D,D,D,
VABB,BOM,MUMBAI,INDIA,ASIA,D,D,D,D
VANP,NAG,NAGPUR,INDIA,ASIA,CA,CA,CA,
VCBI,CMB,KATUNAYAKE,SRI LANKA,ASIA,D,D,D,EA
VCRI,HRI,MATTALA,SRI LANKA,ASIA,A2,A2,A2,
VDPP,PNH,PHNOM PENH,CAMBODIA,ASIA,D,D,D,
VECC,CCU,KOLKATA,INDIA,ASIA,D,D,D,CA
VGEG,CGP,CHITTAGONG,BANGLADESH,ASIA,A1,A1,D,
VGHS,DAC,DHAKA,BANGLADESH,ASIA,D,D,D,CA
VHHH,HKG,HONG KONG,CHINA,ASIA,D,D,D,D
VIAR,ATQ,AMRITSAR,INDIA,ASIA,A1,A1,A1,
VIDP,DEL,DELHI,INDIA,ASIA,D,D,D,A1
VIJP,JAI,JAIPUR,INDIA,ASIA,CA,CA,CA,
VILK,LKO,LUCKNOW,INDIA,ASIA,A2,A2,A2,
VMMC,MFM,MACAU,MCAU,ASIA,A1,A1,A1,
VOBL,BLR,BANGALORE,INDIA,ASIA,D,D,D,CA
VOCI,COK,COCHIN,INDIA,ASIA,D,D,D,
VOHS,HYD,HYDERABAD,INDIA,ASIA,D,D,D,A1
VOMM,MAA,CHENNAI,INDIA,ASIA,D,D,D,
VOTV,TRV,THIRUVANANTHAPURAM,INDIA,ASIA,D,D,D,
VRMG,GAN,GAN ISLAND,MALDIVES,ASIA,A1,A1,A1,CA
VRMM,MLE,MALE,MALDIVES,ASIA,D,D,D,CA
VTBD,DMK,BANGKOK,THAILAND,ASIA,A2,A2,A2,A2
VTBS,BKK,BANGKOK,THAILAND,ASIA,D,D,D,D
VTBU,UTP,RAYONG,THAILAND,ASIA,A1,A1,A1,A1
VTCC,CNX,CHANG MAI,THAILAND,ASIA,A1,A1,A1,EA
VTSG,KBV,KRABI,THAILAND,ASIA,A2,A2,A2,
VTSP,HKT,PHUKET,THAILAND,ASIA,D,D,D,CA
VTUU,UBP,UBON RATCHATHANI,THAILAND,ASIA,A1,A1,A1,
VVDN,DAD,DANANG,VIETNAM,ASIA,A1,A1,A1,
VVNB,HAN,HANOI,VIETNAM,ASIA,D,D,D,
VVTS,SGN,HOCHIMINH,VIETNAM,ASIA,D,D,D,CA
VYMD,MDL,MANDALAY,MYANMAR,ASIA,A2,A2,A2,
VYYY,RGN,YANGON,MYANMAR,ASIA,D,D,D,CA
WADD,DPS,DENPASAR,INDONESIA,ASIA,D,D,D,CA
WARR,SUB,SURABAYA,INDONESIA,ASIA,A2,A2,A2,CA
WBKK,BKI,KOTA KINABALU,MALAYSIA,ASIA,A1,A1,A1,CA
WBSB,BWN,BANDAR SERI BEGAWAN,BRUNEI,ASIA,A1,A1,A1,CA
WIHH,HLP,JAKARTA,INDONESIA,ASIA,A1,A1,A1,CA
WIII,CGK,JAKARTA ,INDONESIA,ASIA,D,D,D,CA
WIMM,KNO,MEDAN KUALANAMU,INDONESIA,ASIA,A1,A1,A1,CA
WITT,BTJ,BANDA ACEH,INDONESIA,ASIA,EA,EA,EA,
WMKJ,JHB,JAHOR BAHRU,MALAYSIA,ASIA,A1,A1,A1,
WMKK,KUL,KUALA LUMPUR,MALAYSIA,ASIA,D,D,D,D
WMKL,LGK,LANGKAWI,MALAYSIA,ASIA,A1,A1,A1,
WMKP,PEN,PENANG,MALAYSIA,ASIA,A1,A1,A1,
WSAP,QPG,SINGAPORE,SINGAPRE,ASIA,A1,A1,A1,
WSSS,SIN,SINGAPORE,SINGAPRE,ASIA,D,D,D,D
YBAS,ASP,ALICE SPRINGS,AUSTRALIA,OCEANIA,CA,CA,CA,CA
YBBN,BNE,BRISBANE,AUSTRALIA,OCEANIA,D,D,D,D
YBCG,OOL,GOLD COAST,AUSTRALIA,OCEANIA,A1,A1,A1,
YBCS,CNS,CAIRNS,AUSTRALIA,OCEANIA,A1,A1,A1,
YBRK,ROK,ROCKHAMPTON,AUSTRALIA,OCEANIA,CA,CA,CA,
YBTL,YSV,TOWNSVILL,AUSTRALIA,OCEANIA,CA,CA,CA,
YMAV,AVV,AVALON,AUSTRALIA,OCEANIA,A2,A2,A2,A2
YMLW,NTL,WILLIAMTOWN,AUSTRALIA,OCEANIA,CA,CA,CA,
YMML,MEL,MELBOURNE,AUSTRALIA,OCEANIA,D,D,D,D
YPAD,ADL,ADELAIDE,AUSTRALIA,OCEANIA,D,D,D,A1
YPCC,CCK,COCOS I,AUSTRALIA,OCEANIA,EA,EA,EA,EA
YPDN,DRW,DARWIN,AUSTRALIA,OCEANIA,A1,A1,A1,A1
YPEA,,PEARCE,AUSTRALIA,OCEANIA,EA,EA,EA,
YPKG,KGI,KALGOORLIE,AUSTRALIA,OCEANIA,EA,EA,EA,
YPLM,LEA,LEARMONTH,AUSTRALIA,OCEANIA,A2,A2,A2,EA
YPPH,PER,PERTH,AUSTRALIA,OCEANIA,D,D,D,D
YSCB,CBR,CANBERRA,AUSTRALIA,OCEANIA,A1,A1,CA,CA
YSSY,SYD,SYDNEY,AUSTRALIA,OCEANIA,D,D,D,D
ZBAA,PEK,BEIJING CAPITAL,CHINA,ASIA,A1,D,A1,D
ZBHH,HET,HOHHOT / BAITA,CHINA,ASIA,CA,CA,CA,CA
ZBTJ,TSN,TIANJIN BANHAI,CHINA,ASIA,CA,CA,CA,CA
ZBYN,TYN,TAIYUAN / WUSU,CHINA,ASIA,CA,CA,CA,CA
ZGGG,CAN,GUANGZHOU,CHINA,ASIA,D,D,D,D
ZGNN,NNG,NANNING,CHINA,ASIA,CA,CA,CA,CA
ZGSZ,SZX,SHENZHEN,CHINA,ASIA,CA,CA,CA,
ZHCC,CGO,ZHENGZHOU,CHINA,ASIA,CA,CA,CA,
ZHHH,WUH,WUHAN,CHINA,ASIA,CA,CA,CA,
ZLIC,INC,YINCHUAN,CHINA,ASIA,CA,CA,CA,
ZLJQ,JGN,JIAYUGUAN,CHINA,ASIA,EA,EA,EA,EA
ZLLL,LHW,LANZHOU,CHINA,ASIA,CA,CA,CA,CA
ZLXY ,XIY,XIAN XIANYANG,CHINA,ASIA,CA,CA,CA,CA
ZMUB,UL,ULAANBAATAR,MONGOLIA,ASIA,A1,A1,A1,
ZPPP ,KMG,KUNMING,CHINA,ASIA,CA,CA,CA,CA
ZSHC,HGH,HANGZHOU,CHINA,ASIA,CA,CA,CA,
ZSNJ,NKG,NANJING,CHINA,ASIA,CA,CA,CA,
ZSPD,PVG,SHANGHAI,CHINA,ASIA,D,D,D,D
ZSSS,SHA,SHANGHAI,CHINA,ASIA,CA,CA,CA,CA
ZUUU,CTU,CHENGDU,CHINA,ASIA,CA,CA,CA,CA
ZWSH,KHG,KASHI,CHINA,ASIA,CA,CA,CA,CA
ZWTL,TLQ,TURPAN,CHINA,ASIA,EA,EA,EA,EA
ZWTN,HTN,HOTAN,CHINA,ASIA,CA,CA,CA,CA
ZWWW,URC,URUMQI,CHINA,ASIA,CA,CA,CA,CA
ZYTL,DLC,DALIAN,CHINA,ASIA,CA,CA,CA,